{
  "sensor": "gps",
  "time": 1351824120,
  "data": [
    48.756080,
    2.302038
  ]
}
